id,first_name,age,email,avatarUrl
1,Nalani,46,nidle0@addthis.com,http://dummyimage.com/197x100.png/cc0000/ffffff
2,Angelika,97,amccurtin1@cpanel.net,http://dummyimage.com/131x100.png/cc0000/ffffff
3,Barn,21,bagus2@symantec.com,http://dummyimage.com/138x100.png/ff4444/ffffff
4,Filberto,47,framsbotham3@hud.gov,http://dummyimage.com/139x100.png/cc0000/ffffff
5,August,10,aheinrich4@reference.com,http://dummyimage.com/168x100.png/ff4444/ffffff
6,Ian,9,imarfell5@weibo.com,http://dummyimage.com/108x100.png/cc0000/ffffff
7,Rahel,78,rdemkowicz6@harvard.edu,http://dummyimage.com/110x100.png/dddddd/000000
8,Ailsun,94,abettis7@bluehost.com,http://dummyimage.com/101x100.png/5fa2dd/ffffff
9,Hillie,22,hflexman8@vkontakte.ru,http://dummyimage.com/167x100.png/ff4444/ffffff
10,Erwin,100,emoyle9@bandcamp.com,http://dummyimage.com/206x100.png/ff4444/ffffff
11,Antonina,59,ajeroscha@angelfire.com,http://dummyimage.com/195x100.png/ff4444/ffffff
12,Camella,25,coreillyb@angelfire.com,http://dummyimage.com/195x100.png/5fa2dd/ffffff
13,Harv,53,hbrendishc@de.vu,http://dummyimage.com/133x100.png/ff4444/ffffff
14,Alan,44,atiffneyd@economist.com,http://dummyimage.com/233x100.png/ff4444/ffffff
15,Gale,40,ghoultone@vinaora.com,http://dummyimage.com/153x100.png/cc0000/ffffff
16,Aloysius,40,amccomiskeyf@ebay.com,http://dummyimage.com/212x100.png/dddddd/000000
17,Olenka,1,owhilderg@pbs.org,http://dummyimage.com/209x100.png/cc0000/ffffff
18,Louisa,58,lstandleyh@nifty.com,http://dummyimage.com/108x100.png/5fa2dd/ffffff
19,Buffy,22,brichi@pagesperso-orange.fr,http://dummyimage.com/238x100.png/dddddd/000000
20,Chantal,53,cferrarottij@bandcamp.com,http://dummyimage.com/215x100.png/ff4444/ffffff
21,Gerda,69,gnapolitanok@icio.us,http://dummyimage.com/137x100.png/ff4444/ffffff
22,Roberta,94,rjoppl@fda.gov,http://dummyimage.com/120x100.png/dddddd/000000
23,Damien,97,dtrembathm@epa.gov,http://dummyimage.com/139x100.png/dddddd/000000
24,Trudi,15,trennlesn@sohu.com,http://dummyimage.com/196x100.png/5fa2dd/ffffff
25,Lilas,43,lrosenfruchto@mail.ru,http://dummyimage.com/161x100.png/5fa2dd/ffffff
26,Sanford,29,slangstonep@google.pl,http://dummyimage.com/168x100.png/dddddd/000000
27,Katlin,92,khanshaweq@instagram.com,http://dummyimage.com/215x100.png/5fa2dd/ffffff
28,Danika,9,dredittr@hexun.com,http://dummyimage.com/131x100.png/ff4444/ffffff
29,Arlyne,91,aclewlowes@yellowbook.com,http://dummyimage.com/229x100.png/cc0000/ffffff
30,Arie,75,ahaseldent@google.de,http://dummyimage.com/164x100.png/dddddd/000000
31,Bruce,59,bwaddellu@stumbleupon.com,http://dummyimage.com/218x100.png/ff4444/ffffff
32,Arney,79,amacanev@ca.gov,http://dummyimage.com/161x100.png/cc0000/ffffff
33,Ambrosius,94,awoolvinw@example.com,http://dummyimage.com/151x100.png/cc0000/ffffff
34,Shelagh,47,sbiggadikex@mlb.com,http://dummyimage.com/100x100.png/cc0000/ffffff
35,Deina,43,dwheeldony@tmall.com,http://dummyimage.com/157x100.png/dddddd/000000
36,Goldy,89,gheadinghamz@nationalgeographic.com,http://dummyimage.com/244x100.png/ff4444/ffffff
37,Joelle,65,jbaggott10@rakuten.co.jp,http://dummyimage.com/105x100.png/dddddd/000000
38,Allyn,61,awainman11@imgur.com,http://dummyimage.com/115x100.png/5fa2dd/ffffff
39,Ignatius,86,iedward12@hhs.gov,http://dummyimage.com/113x100.png/ff4444/ffffff
40,Shaun,2,sderoeck13@amazonaws.com,http://dummyimage.com/122x100.png/5fa2dd/ffffff
41,Arlen,41,adoman14@example.com,http://dummyimage.com/109x100.png/ff4444/ffffff
42,Kelley,2,ktoller15@foxnews.com,http://dummyimage.com/247x100.png/5fa2dd/ffffff
43,Moe,38,mriolfo16@sfgate.com,http://dummyimage.com/124x100.png/cc0000/ffffff
44,Osmund,24,oschwieso17@uol.com.br,http://dummyimage.com/135x100.png/ff4444/ffffff
45,Ronda,17,rdiperaus18@dell.com,http://dummyimage.com/223x100.png/ff4444/ffffff
46,Griffy,18,gmathes19@facebook.com,http://dummyimage.com/121x100.png/5fa2dd/ffffff
47,Domini,86,dandreolli1a@sogou.com,http://dummyimage.com/113x100.png/ff4444/ffffff
48,Victoria,18,vruste1b@earthlink.net,http://dummyimage.com/222x100.png/ff4444/ffffff
49,Andrej,52,astickells1c@pbs.org,http://dummyimage.com/237x100.png/5fa2dd/ffffff
50,Ferrel,50,fguinan1d@moonfruit.com,http://dummyimage.com/224x100.png/dddddd/000000
51,Ferne,61,fjermin1e@seesaa.net,http://dummyimage.com/189x100.png/cc0000/ffffff
52,Kerry,89,ksimkiss1f@oracle.com,http://dummyimage.com/153x100.png/ff4444/ffffff
53,Woodrow,18,wgoldthorpe1g@goodreads.com,http://dummyimage.com/155x100.png/cc0000/ffffff
54,Creight,28,cfarley1h@jugem.jp,http://dummyimage.com/157x100.png/dddddd/000000
55,Artur,25,asweett1i@theglobeandmail.com,http://dummyimage.com/118x100.png/5fa2dd/ffffff
56,Keene,54,kdiggar1j@google.com.au,http://dummyimage.com/125x100.png/cc0000/ffffff
57,Pennie,2,pnutkin1k@parallels.com,http://dummyimage.com/173x100.png/dddddd/000000
58,Zeb,72,zvargas1l@ebay.com,http://dummyimage.com/183x100.png/dddddd/000000
59,Bren,28,breardon1m@behance.net,http://dummyimage.com/117x100.png/cc0000/ffffff
60,Erena,5,epeacey1n@eventbrite.com,http://dummyimage.com/209x100.png/dddddd/000000
61,Jobye,51,jhenriksson1o@squidoo.com,http://dummyimage.com/163x100.png/ff4444/ffffff
62,Inge,1,ivieyra1p@exblog.jp,http://dummyimage.com/220x100.png/ff4444/ffffff
63,Webb,3,wmatten1q@newyorker.com,http://dummyimage.com/224x100.png/5fa2dd/ffffff
64,Elsworth,47,earnefield1r@house.gov,http://dummyimage.com/225x100.png/ff4444/ffffff
65,Jaymee,32,jthurling1s@fema.gov,http://dummyimage.com/196x100.png/dddddd/000000
66,Bentley,16,bautry1t@salon.com,http://dummyimage.com/233x100.png/cc0000/ffffff
67,Mignonne,43,mchevis1u@nba.com,http://dummyimage.com/220x100.png/ff4444/ffffff
68,Alexei,1,ameynell1v@google.ca,http://dummyimage.com/118x100.png/5fa2dd/ffffff
69,Krisha,66,ksudy1w@toplist.cz,http://dummyimage.com/102x100.png/dddddd/000000
70,Lezlie,33,ldibben1x@wufoo.com,http://dummyimage.com/244x100.png/5fa2dd/ffffff
71,Ike,94,ipimbley1y@drupal.org,http://dummyimage.com/142x100.png/cc0000/ffffff
72,Cathy,77,csutterby1z@hud.gov,http://dummyimage.com/142x100.png/cc0000/ffffff
73,Koralle,77,kdinjes20@columbia.edu,http://dummyimage.com/219x100.png/ff4444/ffffff
74,Laird,35,lrasch21@umn.edu,http://dummyimage.com/153x100.png/dddddd/000000
75,Dolorita,66,dkean22@cnn.com,http://dummyimage.com/196x100.png/5fa2dd/ffffff
76,Silas,95,shackleton23@ox.ac.uk,http://dummyimage.com/143x100.png/cc0000/ffffff
77,Mannie,33,mcreed24@walmart.com,http://dummyimage.com/211x100.png/dddddd/000000
78,Malory,21,mcolleran25@berkeley.edu,http://dummyimage.com/134x100.png/dddddd/000000
79,Isidoro,61,ilinnard26@gov.uk,http://dummyimage.com/174x100.png/cc0000/ffffff
80,Jaymie,49,jrubberts27@histats.com,http://dummyimage.com/160x100.png/ff4444/ffffff
81,Augustine,51,agalletley28@nifty.com,http://dummyimage.com/232x100.png/dddddd/000000
82,Celene,48,crodrigo29@jalbum.net,http://dummyimage.com/247x100.png/ff4444/ffffff
83,Amitie,67,amccuthais2a@ovh.net,http://dummyimage.com/124x100.png/dddddd/000000
84,Gayle,51,gtaffs2b@indiatimes.com,http://dummyimage.com/131x100.png/dddddd/000000
85,Isidore,83,ilasselle2c@comcast.net,http://dummyimage.com/186x100.png/ff4444/ffffff
86,Eleni,4,epearch2d@cargocollective.com,http://dummyimage.com/199x100.png/ff4444/ffffff
87,Jozef,63,jcruxton2e@vimeo.com,http://dummyimage.com/156x100.png/cc0000/ffffff
88,Kittie,53,kpaxton2f@ovh.net,http://dummyimage.com/247x100.png/cc0000/ffffff
89,Hatty,9,hdrepp2g@biglobe.ne.jp,http://dummyimage.com/133x100.png/ff4444/ffffff
90,Chucho,99,ccastanares2h@nps.gov,http://dummyimage.com/223x100.png/dddddd/000000
91,Cherlyn,62,cgrolmann2i@163.com,http://dummyimage.com/113x100.png/dddddd/000000
92,Niccolo,75,ntingley2j@unblog.fr,http://dummyimage.com/229x100.png/dddddd/000000
93,Gradey,30,grabjohn2k@netvibes.com,http://dummyimage.com/193x100.png/ff4444/ffffff
94,Kellie,77,kchillcot2l@biglobe.ne.jp,http://dummyimage.com/246x100.png/dddddd/000000
95,Ariella,70,aparaman2m@fastcompany.com,http://dummyimage.com/175x100.png/cc0000/ffffff
96,Eugen,55,efutcher2n@dailymotion.com,http://dummyimage.com/101x100.png/ff4444/ffffff
97,Corney,46,cpetrovic2o@wikipedia.org,http://dummyimage.com/123x100.png/5fa2dd/ffffff
98,Lou,6,lpoolton2p@dyndns.org,http://dummyimage.com/160x100.png/cc0000/ffffff
99,Zachariah,9,zstitwell2q@google.ru,http://dummyimage.com/173x100.png/ff4444/ffffff
100,Stefan,73,smanger2r@omniture.com,http://dummyimage.com/239x100.png/ff4444/ffffff
